label,text,source,split
0,"Go until jurong point, crazy.. Available only in bugis n great world la e buffet... Cine there got amore wat...",sms_spam,train
0,"Ok lar... Joking wif u oni...",sms_spam,train
1,"Free entry in 2 a wkly comp to win FA Cup final tkts 21st May 2005. Text FA to 87121 to receive entry question(std txt rate)T&C's apply 08452810075over18's",sms_spam,train
0,"U dun say so early hor... U c already then say...",sms_spam,train
0,"Nah I don't think he goes to usf, he lives around here though",sms_spam,train
1,"FreeMsg Hey there darling it's been 3 week's now and no word back! I'd like some fun you up for it still? Tb ok! XxX std chgs to send, £1.50 to rcv",sms_spam,train
0,"Even my brother is not like to speak with me. They treat me like aids patent.",sms_spam,train
0,"As per your request 'Melle Melle (Oru Minnaminunginte Nurungu Vettam)' has been set as your callertune for all Callers. Press *9 to copy your friends Callertune",sms_spam,train
1,"WINNER!! As a valued network customer you have been selected to receivea £900 prize reward! To claim call 09061701461. Claim code KL341. Valid 12 hours only.",sms_spam,train
0,"Had your mobile 11 months or more? U R entitled to Update to the latest colour mobiles with camera for Free! Call The Mobile Update Co FREE on 08002986030",sms_spam,train
0,"I'm gonna be home soon and i don't want to talk about this stuff anymore tonight, k? I've cried enough today.",sms_spam,train
1,"SIX chances to win CASH! From 100 to 20,000 pounds txt> CSH11 and send to 87575. Cost 150p/day, 6days, 16+ TsandCs apply Reply HL 4 info",sms_spam,train
0,"URGENT! You have won a 1 week FREE membership in our £100,000 Prize Jackpot! Txt the word: CLAIM to No: 81010 T&C www.dbuk.net LCCLTD POBOX 4403LDNW1A7RW18",sms_spam,train
0,"I've been searching for the right words to thank you for this breather. I promise i wont take your help for granted and will fulfil my promise. You have been wonderful and a blessing at all times.",sms_spam,train
0,"I HAVE A DATE ON SUNDAY WITH WILL!!",sms_spam,train
1,"XXXMobileMovieClub: To use your credit, click the WAP link in the next txt message or click here>> http://wap. xxxmobilemovieclub.com?n=QJKGIGHJJGCBL",sms_spam,train
0,"Oh k...i'm watching here:)",sms_spam,train
0,"Eh u remember how 2 spell his name... Yes i did. He v naughty make until i v wet.",sms_spam,train
0,"Fine if that's the way u feel. That's the way its gota b",sms_spam,train
1,"England v Macedonia - dont miss the goals/team news. Txt ur national team to 87077 eg ENGLAND to 87077 Try:WALES, SCOTLAND 4txt/ú1.20 POBOXox36504W45WQ 16+",sms_spam,train
0,"Is that seriously how you spell his name?",sms_spam,train
0,"I'm going to try for 2 months ha ha only joking",sms_spam,train
0,"So ü pay first lar... Then when is da stock comin...",sms_spam,train
0,"Aft i finish my lunch then i go str down lor. Ard 3 smth lor. U finish ur lunch already?",sms_spam,train
0,"Ffffffffff. Alright no way I can meet up with you sooner?",sms_spam,train
0,"Just forced myself to eat a slice. I'm really not hungry tho. This sucks. Mark is getting worried. He knows I'm sick when I turn down pizza. Lol",sms_spam,train
0,"Lol your always so convincing.",sms_spam,train
0,"Did you catch the bus ? Are you frying an egg ? Did you make a tea? Are you eating your mom's left over dinner ? Do you feel my Love ?",sms_spam,train
0,"I'm back &amp; we're packing the car now, I'll let you know if there's room",sms_spam,train
0,"Ahhh. Work. I vaguely remember that! What does it feel like?",sms_spam,train
0,"Wait that's still not all that clear, were you not sure about me being sarcastic or that that's why x doesn't want to live with us",sms_spam,train
0,"Yeah he got in at 2 and was v apologetic. n had fallen out and she was actin like spoilt child and he got caught up in that. Till 2! But we won't go there! Not doing too badly cheers. You?",sms_spam,train
0,"K tell me anything about you.",sms_spam,train
0,"For fear of fainting with the of all that housework you just did? Quick have a cuppa",sms_spam,train
1,"Thanks for your subscription to Ringtone UK your mobile will be charged £5/month Please confirm by replying YES or NO. If you reply NO you will not be charged",sms_spam,train
0,"Yup... Ok i go home look at the timings then i msg ü again... Xuhui going to learn on 2nd may too but her lesson is at 8am",sms_spam,train
0,"Oops, I'll let you know when my roommate's done",sms_spam,train
0,"I see the letter B on my car",sms_spam,train
0,"Anything lor... U decide...",sms_spam,train
0,"Hello! How's you and how did saturday go? I was just texting to see if you'd decided to do anything tomo. Not that i'm trying to invite myself or anything!",sms_spam,train
0,"Pls go ahead with watts. I just wanted to be sure. Do have a great weekend. Abiola",sms_spam,train
0,"Did I forget to tell you ? I want you , I need you, I crave you ... But most of all ... I love you my sweet Arabian steed ... Mmmmmm ... Yummy",sms_spam,train
1,"07732584351 - Rodger Burns - MSG = We tried to call you re your reply to our sms for a free nokia mobile + free camcorder. Please call now 08000930705 for delivery tomorrow",sms_spam,train
0,"WHO ARE YOU SEEING?",sms_spam,train
0,"Great! I hope you like your man well endowed. I am  &lt;#&gt;  inches...",sms_spam,train
0,"No calls..messages..missed calls",sms_spam,train
0,"Didn't you get hep b immunisation in nigeria.",sms_spam,train
0,"Fair enough, anything going on?",sms_spam,train
0,"Yeah hopefully, if tyler can't do it I could maybe ask around a bit",sms_spam,train
0,"U don't know how stubborn I am. I didn't even want to go to the hospital. I kept telling Mark I'm not a weak sucker. Hospitals are for weak suckers.",sms_spam,train
0,"What you thinked about me. First time you saw me in class.",sms_spam,train
0,"A gram usually runs like  &lt;#&gt; , a half eighth is smarter though and gets you almost a whole second gram for  &lt;#&gt;",sms_spam,train
0,"K fyi x has a ride early tomorrow morning but he's crashing at our place tonight",sms_spam,train
0,"Wow. I never realized that you were so embarassed by your accomodations. I thought you liked it, since i was doing the best i could and you always seemed so happy about ""the cave"". I'm sorry I didn't and don't have more to give. I'm sorry i offered. I'm sorry your room was so embarassing.",sms_spam,train
0,"SMS. ac Sptv: The New Jersey Devils and the Detroit Red Wings play Ice Hockey. Correct or Incorrect? End? Reply END SPTV",sms_spam,train
0,"Do you know what Mallika Sherawat did yesterday? Find out now @  &lt;URL&gt;",sms_spam,train
1,"Congrats! 1 year special cinema pass for 2 is yours. call 09061209465 now! C Suprman V, Matrix3, StarWars3, etc all 4 FREE! bx420-ip4-5we. 150pm. Dont miss out!",sms_spam,train
0,"Sorry, I'll call later in meeting.",sms_spam,train
0,"Tell where you reached",sms_spam,train
0,"Yes..gauti and sehwag out of odi series.",sms_spam,train
0,"Your gonna have to pick up a $1 burger for yourself on your way home. I can't even move. Pain is killing me.",sms_spam,train
0,"Ha ha ha good joke. Girls are situation seekers.",sms_spam,train
0,"Its a part of checking IQ",sms_spam,train
0,"Sorry my roommates took forever, it ok if I come by now?",sms_spam,train
0,"Ok lar i double check wif da hair dresser already he said wun cut v short. He said will cut until i look nice.",sms_spam,train
1,"As a valued customer, I am pleased to advise you that following recent review of your Mob No. you are awarded with a £1500 Bonus Prize, call 09066364589",sms_spam,train
0,"Today is ""song dedicated day.."" Which song will u dedicate for me? Send this to all ur valuable frnds but first rply me...",sms_spam,train
1,"Urgent UR awarded a complimentary trip to EuroDisinc Trav, Aco&Entry41 Or £1000. To claim txt DIS to 87121 18+6*£1.50(moreFrmMob. ShrAcomOrSglSuplt)10, LS1 3AJ",sms_spam,train
0,"Did you hear about the new ""Divorce Barbie""? It comes with all of Ken's stuff!",sms_spam,train
0,"I plane to give on this month end.",sms_spam,train
0,"Wah lucky man... Then can save money... Hee...",sms_spam,train
0,"Finished class where are you.",sms_spam,train
0,"HI BABE IM AT HOME NOW WANNA DO SOMETHING? XX",sms_spam,train
0,"K..k:)where are you?how did you performed?",sms_spam,train
0,"U can call me now...",sms_spam,train
0,"I am waiting machan. Call me once you free.",sms_spam,train
0,"Thats cool. i am a gentleman and will treat you with dignity and respect.",sms_spam,train
0,"I like you peoples very much:) but am very shy pa.",sms_spam,train
0,"Does not operate after  &lt;#&gt;  or what",sms_spam,train
0,"Its not the same here. Still looking for a job. How much do Ta's earn there.",sms_spam,train
0,"Sorry, I'll call later",sms_spam,train
0,"K. Did you call me just now ah?",sms_spam,train
0,"Ok i am on the way to home hi hi",sms_spam,train
0,"You will be in the place of that man",sms_spam,train
0,"Yup next stop.",sms_spam,train
0,"I call you later, don't have network. If urgnt, sms me.",sms_spam,train
0,"For real when u getting on yo? I only need 2 more tickets and one more jacket and I'm done. I already used all my multis.",sms_spam,train
0,"Yes I started to send requests to make it but pain came back so I'm back in bed. Double coins at the factory too. I gotta cash in all my nitros.",sms_spam,train
0,"I'm really not up to it still tonight babe",sms_spam,train
0,"Ela kano., il download, come wen ur free..",sms_spam,train
0,"Yeah do! Don‘t stand to close tho- you‘ll catch something!",sms_spam,train
0,"Sorry to be a pain. Is it ok if we meet another night? I spent late afternoon in casualty and that means i haven't done any of y stuff42moro and that includes all my time sheets and that. Sorry.",sms_spam,train
0,"Smile in Pleasure Smile in Pain Smile when trouble pours like Rain Smile when sum1 Hurts U Smile becoz SOMEONE still Loves to see u Smiling!!",sms_spam,train
1,"Please call our customer service representative on 0800 169 6031 between 10am-9pm as you have WON a guaranteed £1000 cash or £5000 prize!",sms_spam,train
0,"Havent planning to buy later. I check already lido only got 530 show in e afternoon. U finish work already?",sms_spam,train
1,"Your free ringtone is waiting to be collected. Simply text the password ""MIX"" to 85069 to verify. Get Usher and Britney. FML, PO Box 5249, MK17 92H. 450Ppw 16",sms_spam,train
0,"Watching telugu movie..wat abt u?",sms_spam,train
0,"i see. When we finish we have loads of loans to pay",sms_spam,train
0,"Hi. Wk been ok - on hols now! Yes on for a bit of a run. Forgot that i have hairdressers appointment at four so need to get home n shower beforehand. Does that cause prob for u?""",sms_spam,train
0,"I see a cup of coffee animation",sms_spam,train
0,"Please don't text me anymore. I have nothing else to say.",sms_spam,train
0,"Okay name ur price as long as its legal! Wen can I pick them up? Y u ave x ams xx",sms_spam,train
0,"I'm still looking for a car to buy. And have not gone 4the driving test yet.",sms_spam,train
0,"As per your request 'Melle Melle (Oru Minnaminunginte Nurungu Vettam)' has been set as your callertune for all Callers. Press *9 to copy your friends Callertune",sms_spam,train
0,"wow. You're right! I didn't mean to do that. I guess once i gave up on boston men and changed my search location to nyc, something changed. Cuz on my signin page it still says boston.",sms_spam,train
0,"Umma my life and vava umma love you lot dear",sms_spam,train
0,"Thanks a lot for your wishes on my birthday. Thanks you for making my birthday truly memorable.",sms_spam,train
0,"Aight, I'll hit you up when I get some cash",sms_spam,train
0,"How would my ip address test that considering my computer isn't a minecraft server",sms_spam,train
0,"I know! Grumpy old people. My mom was like you better not be lying. Then again I am always the one to play jokes...",sms_spam,train
0,"Dont worry. I guess he's busy.",sms_spam,train
0,"What is the plural of the noun research?",sms_spam,train
0,"Going for dinner.msg you after.",sms_spam,train
0,"I'm ok wif it cos i like 2 try new things. But i scared u dun like mah. Cos u said not too loud.",sms_spam,train
1,"GENT! We are trying to contact you. Last weekends draw shows that you won a £1000 prize GUARANTEED. Call 09064012160. Claim Code K52. Valid 12hrs only. 150ppm",sms_spam,train
0,"Wa, ur openin sentence very formal... Anyway, i'm fine too, juz tt i'm eatin too much n puttin on weight...Haha... So anythin special happened?",sms_spam,train
0,"As I entered my cabin my PA said, '' Happy B'day Boss !!''. I felt special. She askd me 4 lunch. After lunch she invited me to her apartment. We went there.",sms_spam,train
1,"You are a winner U have been specially selected 2 receive £1000 or a 4* holiday (flights inc) speak to a live operator 2 claim 0871277810910p/min (18+)",sms_spam,train
0,"Goodo! Yes we must speak friday - egg-potato ratio for tortilla needed!",sms_spam,train
0,"Hmm...my uncle just informed me that he's paying the school directly. So pls buy food.",sms_spam,train
1,"PRIVATE! Your 2004 Account Statement for 07742676969 shows 786 unredeemed Bonus Points. To claim call 08719180248 Identifier Code: 45239 Expires",sms_spam,train
0,"URGENT! Your Mobile No. was awarded £2000 Bonus Caller Prize on 5/9/03 This is our final try to contact U! Call from Landline 09064019788 BOX42WR29C, 150PPM",sms_spam,train
0,"here is my new address -apples&pairs&all that malarky",sms_spam,train
0,"Todays Voda numbers ending 7548 are selected to receive a $350 award. If you have a match please call 08712300220 quoting claim code 4041 standard rates app",sms_spam,train
0,"I am going to sao mu today. Will be done only at 12",sms_spam,train
0,"Ü predict wat time ü'll finish buying?",sms_spam,train
0,"Good stuff, will do.",sms_spam,train
0,"Just so that you know,yetunde hasn't sent money yet. I just sent her a text not to bother sending. So its over, you dont have to involve yourself in anything. I shouldn't have imposed anything on you in the first place so for that, i apologise.",sms_spam,train
0,"Are you there in room.",sms_spam,train
1,"URGENT! We are trying to contact you. Last weekends draw shows u have won a £1000 prize GUARANTEED. Call 09064012103 to claim. Box1282. You have won your Costa Del Sol Holiday or £4000 cash await collection. Call 09050090044 Now to claim. SAE, TCs, PO Box 334, Stockport, SK38xh, Cost£1.50/pm, Max10mins",sms_spam,train
0,"KEEP UR PROBLEMS IN UR HEART, B'COZ NOBODY WILL FIGHT FOR U. ONLY U &amp; U HAVE TO FIGHT FOR UR SELF &amp; WIN THE BATTLE. -VIVEKANAND- G 9t.. SD..",sms_spam,train
0,"Then why no one talking to me",sms_spam,train
0,"Thanks for this hope you had a good day today",sms_spam,train
0,"K:)k:)what are detail you want to transfer?acc no enough?",sms_spam,train
0,"Ok i will tell her to stay out. Yeah its been tough but we are optimistic things will improve this month.",sms_spam,train
1,"Loan for any purpose £500 - £75,000. Homeowners + Tenants welcome. Have you been previously refused? We can still help. Call Free 0800 1956669 or text back 'help'",sms_spam,train
0,"Si si. I think ill go make those oreo truffles.",sms_spam,train
0,"LOOK AT AMY URE A BEAUTIFUL, INTELLIGENT WOMAN AND I LIKE U A LOT. I KNOW U DON’T LIKE ME LIKE THAT SO DON’T WORRY.",sms_spam,train
0,"I hope you that's the result of being consistently intelligent and kind. Start asking him about practicum links and keep your ears open and all the best. ttyl",sms_spam,train
0,"1.20 that call cost. Which i guess isnt bad. Miss ya, need ya, want ya, love ya",sms_spam,train
0,"Going thru a very different feeling.wavering decisions and coping up with the same is the same individual.time will heal everything i believe.",sms_spam,train
0,"Where did u go? My phone is gonna die you have to stay in here",sms_spam,train
0,"Great. Never been better. Each day gives even more reasons to thank God",sms_spam,train
1,"UpgrdCentre Orange customer, you may now claim your FREE CAMERA PHONE upgrade for your loyalty. Call now on 0207 153 9153. Offer ends 26th July. T&C's apply. Opt-out available",sms_spam,train
0,"Sorry, I'll call later ok bye",sms_spam,train
0,"Ok i am on the way to railway",sms_spam,train
0,"great princess! I love giving and receiving oral. Doggy style is my fave position. How about you? I enjoy making love  &lt;#&gt;  times per night :)",sms_spam,train
0,"They don't put that stuff on the roads to keep it from getting slippery over there?",sms_spam,train
0,"When are you going to ride your bike?",sms_spam,train
0,"Yup, no need. I've got juice back in hotel... the fridge through one of the roommates said we leave the juice back on the hotel... blackberry bold 2 nigeria.",sms_spam,train
0,"Yup i thk they r e teacher said that will make my face look longer. Darren ask me not 2 cut too short.",sms_spam,train
1,"You have been specially selected to receive a 3000 award! Call 08712402050 BEFORE the lines close. Cost 10ppm. 16+. T&Cs apply. AG Promo",sms_spam,train
0,"You have been specially selected to receive a 3000 award! Call 08712402050 BEFORE the lines close. Cost 10ppm. 16+. T&Cs apply. AG Promo",sms_spam,train
0,"No dude, its not fake..my frnds got money, thts y i'm considering neva meetin him? He is there 4 one guy i know which is rare init?",sms_spam,train
0,"Owe no 21/10/04 that means no money leh? How i use to pay first then tell me later lor.",sms_spam,train
0,"Ok. There may be a free gym about.",sms_spam,train
0,"Men like shorter ladies. Gaze up into his eyes.",sms_spam,train
0,"Dude how do you like the buff wind.",sms_spam,train
0,"My phone",sms_spam,train
0,"Nah it's straight, if you can just bring bud or drinks or something that's actually a little more useful than straight cash",sms_spam,train
0,"Haha good to hear, I'm officially paid and on the market for an 8th",sms_spam,train
0,"How many licks does it take to get to the center of a tootsie pop?",sms_spam,train
0,"Yup i thk they r e teacher said that will make my face look longer. Darren ask me not 2 cut too short.",sms_spam,train
1,"Text BANNEDUK to 89555 to see! cost 150p textoperator g696ga 18+ XXX",sms_spam,train
0,"Ok . . now i am in bus. . If i come soon i will come otherwise tomorrow",sms_spam,train
0,"Once a fishrman woke early in d mrng. It was very dark. He waited a while &amp; found a sack ful of stones. He strtd throwin thm in2 d sea 2 pass time. Atlast he had jus 1stone, sun rose up &amp; he found out tht those r nt stones, those were diamonds. Moral:""Dont wake up early in d mrng'' GOOD night",sms_spam,train
0,"Then ur physics get a-?",sms_spam,train
0,"Dear Matthew please call 09063440451 from a landline, your complimentary 4*Lux Tenerife holiday or £1000 CASH await collection. ppm150 SAE T&Cs Box334 SK38XH.",sms_spam,train
0,"Then ur physics get a-?",sms_spam,train
0,"Dear Matthew please call 09063440451 from a landline, your complimentary 4*Lux Tenerife holiday or £1000 CASH await collection. ppm150 SAE T&Cs Box334 SK38XH.",sms_spam,train
0,"Awww dat is sweet! We can think of something to do he he! Have a nice time tonight ill probably txt u later cos im lonely :( xxx.",sms_spam,train
0,"Nah im goin 2 the wrks with j wot bout u?",sms_spam,train
0,"Just finished eating. Got u a plate. NOT leftovers this time.",sms_spam,train
0,"Thanx a lot...",sms_spam,train
0,"Hurry home u big butt. Hang up on your last caller if u have to. Food is done and I'm starving. Don't ask what I cooked.",sms_spam,train
1,"SMS. ac Blind Date 4U!: Rodds1 is 21/m from Aberdeen, United Kingdom. Check Him out http://img. sms. ac/W/icmb3cktz8r7!-4 no Blind Dates send HIDE",sms_spam,train
0,"Yup... From what i remb... I think should be can book...",sms_spam,train
0,"Jos ask if u wana meet up?",sms_spam,train
0,"Lol yes. Our friendship is hanging on a thread cause u won't buy stuff.",sms_spam,train
1,"TheMob> Check out our newest selection of content, Games, Tones, Gossip, babes and sport, Keep your mobile fit and funky text WAP to 82468",sms_spam,train
0,"Where are the garage keys? They aren't on the bookshelf",sms_spam,train
0,"Today is ACCEPT DAY..U Accept me as? Brother Sister Lover Dear1 Best1 Clos1 Lvblefrnd Jstfrnd Cutefrnd Lifpartnr Belovd Swtheart Bstfrnd No rply means enemy",sms_spam,train
1,"Think ur smart ? Win £200 this week in our weekly quiz, text PLAY to 85222 now!T&Cs WinnersClub PO BOX 84, M26 3UZ. 16+. GBP1.50/week",sms_spam,train
0,"He says he'll give me a call when his friend's got the money but that he's definitely buying before the end of the week",sms_spam,train
0,"Hi the way I was with u 2day, is the normal way&this is the real me. UR unique&I hope I know u 4 the rest of mylife. Hope u find wot was lost.",sms_spam,train
0,"You made my day. Do have a great day too.",sms_spam,train
0,"K.k:)advance happy pongal.",sms_spam,train
0,"Hmmm... Guess we can go 4 kb n power yoga... Haha, dunno we can tahan power yoga anot... Thk got lo oso, forgot liao...",sms_spam,train
0,"Not really dude, have no friends i'm afraid :(",sms_spam,train
0,"December only! Had your mobile 11mths+? You are entitled to update to the latest colour camera mobile for Free! Call The Mobile Update Co FREE on 08002986906",sms_spam,train
0,"Coffee cake, i guess...",sms_spam,train
0,"Merry Christmas to you too babe, i love ya *kisses*",sms_spam,train
0,"Hey... Why dont we just go watch x men and have lunch... Haha",sms_spam,train
0,"cud u tell ppl im gona b a bit l8 cos 2 buses hav gon past &amp; cos they were full &amp; im still waitin 4 1. Pete x",sms_spam,train
0,"That would be great. We'll be at the Guild. Could meet on Bristol road or somewhere - will get in touch over weekend. Our plans take flight! Have a good week",sms_spam,train
0,"No problem. How are you doing?",sms_spam,train
0,"No calls..messages..missed calls",sms_spam,train
0,"Hi da:)how is the todays class?",sms_spam,train
0,"I'd say that's a good sign but, well, you know my track record at reading women",sms_spam,train
0,"Cool, text me when you're parked",sms_spam,train
0,"I'm reading the text i just sent you. Its meant to be a joke. So read it in that light",sms_spam,train
0,"K.k:)apo k.good movie.",sms_spam,train
0,"Maybe i could get book out tomo then return it immediately ..? Or something.",sms_spam,train
1,"Call Germany for only 1 pence per minute! Call from a fixed line via access number 0844 861 85 85. No prepayment. Direct access!",sms_spam,train
0,"Any chance you might have had with me evaporated as soon as you violated my privacy by stealing my phone number from your employer's paperwork. Not cool at all. Please do not contact me again or I will report you to your supervisor.",sms_spam,train
1,"Valentines Day Special! Win over £1000 in our quiz and take your partner on the trip of a lifetime! Send GO to 83600 now. 150p/msg rcvd. CustCare:08718720201.",sms_spam,train
0,"Ta-Daaaaa! I am home babe, are you still up ?",sms_spam,train
0,"Cool. So how come you havent been wined and dined before?",sms_spam,train
0,"Just sleeping..and surfing",sms_spam,train
0,"Sorry, I'll call later",sms_spam,train
0,"U calling me right? Call my hand phone...",sms_spam,train
0,"Ok that's great thanx a lot.",sms_spam,train
0,"I take it the post has come then! You must have 1000s of texts now! Happy reading. My one from wiv hello caroline at the end is my favourite. Bless him",sms_spam,train
0,"Where u been hiding stranger?",sms_spam,train
0,"Am not interested to do like that.",sms_spam,train
0,"My sister cleared two round in birla soft yesterday.",sms_spam,train
0,"Gudnite....tc...practice going on",sms_spam,train
0,"Dis is yijue. I jus saw ur mail. In case huiming havent sent u my num. Dis is my num.",sms_spam,train
0,"One small prestige problem now.",sms_spam,train
1,"Fancy a shag? I do.Interested? sextextuk.com txt XXUK SUZY to 69876. Txts cost 1.50 per msg. TnCs on website. X",sms_spam,train
0,"Just checking in on you. Really do miss seeing Jeremiah. Do have a great month",sms_spam,train
0,"Nah can't help you there, I've never had an iphone",sms_spam,train
0,"If you're not in my car in an hour and a half I'm going apeshit",sms_spam,train
1,"TODAY is Sorry day. If ever i was angry with you, if ever i misbehaved or hurt you? plz plz JUST SLAP URSELF Bcoz, Its ur fault, I'm basically GOOD",sms_spam,train
0,"Yo you guys ever figure out how much we need for alcohol? Jay and I are trying to figure out how much we can safely spend on weed",sms_spam,train
0,"&lt;#&gt; ISH MINUTES WAS 5 MINUTES AGO. WTF.",sms_spam,train
0,"Thank You for calling.Forgot to say Happy Onam to you Sirji.I am fine here and remembered you when i met an insurance person.Meet You in Qatar Insha Allah.Rakhesh, ex Tata AIG who joined TISSCO,Tayseer.",sms_spam,train
1,"Congratulations ur awarded 500 of CD vouchers or 125gift guaranteed & Free entry 2 100 wkly draw txt MUSIC to 87066 TnCs www.Ldew.com1win150ppmx3age16",sms_spam,train
0,"Ur cash-balance is currently 500 pounds - to maximize ur cash-in now send CASH to 86688 only 150p/msg. CC: 08708800282 HG/Suite342/2Lands Row/W1J6HL",sms_spam,train
0,"I'm an actor. When i work, i work in the evening and sleep late. Since i'm unemployed at the moment, i ALWAYS sleep late. When you're unemployed, every day is saturday.",sms_spam,train
0,"Hello! Just got here, st andrews-boy its a long way! Its cold. I will keep you posted",sms_spam,train
0,"Ha ha cool cool chikku chikku:-):-DB-)",sms_spam,train
0,"Oh ok no prob..",sms_spam,train
0,"Check aud
